Strategy,Talent,Processes,Data,Reporting,Technology,Measurement
2.5416666666666665,2.375,1.6666666666666667,2.083333333333333,1.8333333333333333,1.0,2.2
