Strategy,Talent,Processes,Data,Reporting,Technology,Measurement
2.6666666666666665,2.625,2.0,2.2916666666666665,2.3888888888888893,1.5,1.6666666666666667
