Strategy,Talent,Processes,Data,Reporting,Technology,Measurement
1.75,3.6666666666666665,3.0,2.958333333333333,2.555555555555556,1.0,3.4
