Strategy,Talent,Processes,Data,Reporting,Technology,Measurement
2.708333333333333,2.541666666666667,1.3333333333333333,2.666666666666667,2.444444444444444,1.0,2.7666666666666666
